codigo_ibge,municipio,uf,area_municipal_equal_area_km2,area_cerrado_km2,area_caatinga_km2,area_outros_biomas_km2,percentual_cerrado,percentual_caatinga
3100500,Açucena,MG,815.421879,0.000000,0.000000,815.421879,0.000000,0.000000
3100609,Água Boa,MG,1320.343653,1.936431,0.000000,1318.407222,0.146661,0.000000
3100906,Águas Formosas,MG,820.078973,0.000000,0.000000,820.078973,0.000000,0.000000
3101003,Águas Vermelhas,MG,1256.607596,0.000000,0.000000,1256.607596,0.000000,0.000000
3101102,Aimorés,MG,1348.912844,0.000000,0.000000,1348.912844,0.000000,0.000000
3101706,Almenara,MG,2294.425878,0.000000,0.000000,2294.425878,0.000000,0.000000
3101805,Alpercata,MG,166.972386,0.000000,0.000000,166.972386,0.000000,0.000000
3102209,Alvarenga,MG,278.175726,0.000000,0.000000,278.175726,0.000000,0.000000
3102704,Cachoeira de Pajeú,MG,695.672331,0.000000,0.000000,695.672331,0.000000,0.000000
3102852,Angelândia,MG,185.210813,72.740117,0.000000,112.470695,39.274228,0.000000
3103405,Araçuaí,MG,2236.278986,96.507839,0.000000,2139.771147,4.315555,0.000000
3104452,Aricanduva,MG,243.328833,2.252434,0.000000,241.076400,0.925675,0.000000
3104502,Arinos,MG,5279.419039,5279.419039,0.000000,0,100.000000,0.000000
3104700,Ataléia,MG,1836.944423,0.000000,0.000000,1836.944423,0.000000,0.000000
3105202,Bandeira,MG,483.788832,0.000000,0.000000,483.788832,0.000000,0.000000
3106507,Berilo,MG,587.105987,587.105987,0.000000,0,100.000000,0.000000
3106606,Bertópolis,MG,427.802226,0.000000,0.000000,427.802226,0.000000,0.000000
3106655,Berizal,MG,488.756118,0.000000,0.000000,488.756118,0.000000,0.000000
3107307,Bocaiúva,MG,3206.756748,3206.756748,0.000000,0.000000,100.000000,0.000000
3108206,Bonfinópolis de Minas,MG,1850.487365,1850.487365,0.000000,0,100.000000,0.000000
3108255,Bonito de Minas,MG,3936.455979,3936.455979,0.000000,0,100.000000,0.000000
3108503,Botumirim,MG,1568.884255,1568.884255,0.000000,0.000000,100.000000,0.000000
3108602,Brasília de Minas,MG,1399.484125,1336.293129,63.190996,0.000000,95.484694,4.515306
3108800,Braúnas,MG,378.318285,0.000000,0.000000,378.318285,0.000000,0.000000
3109402,Buritizeiro,MG,7218.401316,7218.401316,0.000000,0,100.000000,0.000000
3110806,Campanário,MG,442.398093,0.000000,0.000000,442.398093,0.000000,0.000000
3111150,Campo Azul,MG,505.913568,505.913568,0.000000,0.000000,100.000000,0.000000
3112059,Cantagalo,MG,141.854969,0.000000,0.000000,141.854969,0.000000,0.000000
3112307,Capelinha,MG,965.292179,560.167101,0.000000,405.125078,58.030834,0.000000
3112653,Capitão Andrade,MG,279.088435,0.000000,0.000000,279.088435,0.000000,0.000000
3112703,Capitão Enéas,MG,971.571645,0.000000,971.571645,0,0.000000,100.000000
3113008,Caraí,MG,1242.345393,0.000000,0.000000,1242.345393,0.000000,0.000000
3113503,Carbonita,MG,1456.082087,1456.082087,0.000000,0.000000,100.000000,0.000000
3113701,Carlos Chagas,MG,3202.983618,0.000000,0.000000,3202.983618,0.000000,0.000000
3113800,Carmésia,MG,259.103469,0.000000,0.000000,259.103469,0.000000,0.000000
3115458,Catuji,MG,419.379993,0.000000,0.000000,419.379993,0.000000,0.000000
3115474,Catuti,MG,287.812266,0.000000,287.812266,0.000000,0.000000,100.000000
3115706,Central de Minas,MG,204.328144,0.000000,0.000000,204.328144,0.000000,0.000000
3116100,Chapada do Norte,MG,830.833409,585.042320,0.000000,245.791088,70.416321,0.000000
3116159,Chapada Gaúcha,MG,3255.189291,3255.189291,0.000000,0.000000,100.000000,0.000000
3116506,Claro dos Poções,MG,720.424018,720.424018,0.000000,0,100.000000,0.000000
3116803,Coluna,MG,348.491778,0.000000,0.000000,348.491778,0.000000,0.000000
3117009,Comercinho,MG,654.960845,0.000000,0.000000,654.960845,0.000000,0.000000
3117836,Cônego Marinho,MG,1610.467360,1511.695338,98.772109,0,93.866872,6.133133
3118403,Conselheiro Pena,MG,1483.881792,0.000000,0.000000,1483.881792,0.000000,0.000000
3118809,Coração de Jesus,MG,2225.215987,2225.215987,0.000000,0,100.000000,0.000000
3119203,Coroaci,MG,576.273775,0.000000,0.000000,576.273775,0.000000,0.000000
3119500,Coronel Murta,MG,815.412915,153.475662,0.000000,661.937252,18.821834,0.000000
3120102,Couto de Magalhães de Minas,MG,485.653700,476.105349,0.000000,9.548351,98.033918,0.000000
3120151,Crisólita,MG,966.202256,0.000000,0.000000,966.202256,0.000000,0.000000
3120300,Cristália,MG,840.702267,840.702267,0.000000,0,100.000000,0.000000
3120839,Cuparaque,MG,226.750402,0.000000,0.000000,226.750402,0.000000,0.000000
3120870,Curral de Dentro,MG,570.949541,47.963481,0.000000,522.986060,8.400652,0.000000
3121001,Datas,MG,310.099117,310.099117,0.000000,0.000000,100.000000,0.000000
3121605,Diamantina,MG,3891.659296,3891.659296,0.000000,0.000000,100.000000,0.000000
3122108,Divino das Laranjeiras,MG,342.248806,0.000000,0.000000,342.248806,0.000000,0.000000
3122207,Divinolândia de Minas,MG,133.120076,0.000000,0.000000,133.120076,0.000000,0.000000
3122355,Divisa Alegre,MG,117.802213,0.000000,0.000000,117.802213,0.000000,0.000000
3122454,Divisópolis,MG,572.925701,0.000000,0.000000,572.925701,0.000000,0.000000
3122470,Dom Bosco,MG,817.383045,817.383045,0.000000,0.000000,100.000000,0.000000
3123106,Dores de Guanhães,MG,382.123629,0.000000,0.000000,382.123629,0.000000,0.000000
3123700,Engenheiro Caldas,MG,187.058483,0.000000,0.000000,187.058483,0.000000,0.000000
3123809,Engenheiro Navarro,MG,608.305808,608.305808,0.000000,0,100.000000,0.000000
3124302,Espinosa,MG,1868.969240,267.345529,1601.623711,0.000000,14.304437,85.695563
3125408,Felício dos Santos,MG,357.621552,342.674223,0.000000,14.947329,95.820350,0.000000
3125507,São Gonçalo do Rio Preto,MG,314.458125,314.458125,0.000000,0.000000,100.000000,0.000000
3125606,Felisburgo,MG,596.215055,0.000000,0.000000,596.215055,0.000000,0.000000
3125804,Fernandes Tourinho,MG,151.874560,0.000000,0.000000,151.874560,0.000000,0.000000
3126208,Formoso,MG,3686.004392,3686.004392,0.000000,0,100.000000,0.000000
3126505,Francisco Badaró,MG,461.481239,275.112773,0.000000,186.368465,59.615159,0.000000
3126604,Francisco Dumont,MG,1576.128396,1576.128396,0.000000,0,100.000000,0.000000
3126703,Francisco Sá,MG,2747.299523,1112.055398,1635.244125,0,40.478127,59.521873
3126752,Franciscópolis,MG,717.086728,0.000000,0.000000,717.086728,0.000000,0.000000
3126802,Frei Gaspar,MG,626.672083,0.000000,0.000000,626.672083,0.000000,0.000000
3126901,Frei Inocêncio,MG,469.556988,0.000000,0.000000,469.556988,0.000000,0.000000
3126950,Frei Lagonegro,MG,167.473842,0.000000,0.000000,167.473842,0.000000,0.000000
3127057,Fronteira dos Vales,MG,320.757375,0.000000,0.000000,320.757375,0.000000,0.000000
3127073,Fruta de Leite,MG,762.836596,715.272016,0.000000,47.564580,93.764775,0.000000
3127305,Galiléia,MG,720.354876,0.000000,0.000000,720.354876,0.000000,0.000000
3127339,Gameleiras,MG,1733.202626,0.000000,1733.202626,0,0.000000,100.000000
3127354,Glaucilândia,MG,145.860956,145.860956,0.000000,0.000000,100.000000,0.000000
3127370,Goiabeira,MG,112.442569,0.000000,0.000000,112.442569,0.000000,0.000000
3127503,Gonzaga,MG,209.347545,0.000000,0.000000,209.347545,0.000000,0.000000
3127701,Governador Valadares,MG,2342.327444,0.000000,0.000000,2342.327444,0.000000,0.000000
3127800,Grão Mogol,MG,3885.293894,3885.293894,0.000000,0.000000,100.000000,0.000000
3128006,Guanhães,MG,1075.123727,0.000000,0.000000,1075.123727,0.000000,0.000000
3128253,Guaraciama,MG,390.262972,390.262972,0.000000,0,100.000000,0.000000
3129608,Ibiaí,MG,874.759796,874.759796,0.000000,0,100.000000,0.000000
3129657,Ibiracatu,MG,353.257294,176.095644,177.161651,0.000000,49.849118,50.150882
3130051,Icaraí de Minas,MG,625.664310,625.538960,0.125350,0.000000,99.979965,0.020035
3130556,Imbé de Minas,MG,196.734966,0.000000,0.000000,196.734966,0.000000,0.000000
3130655,Indaiabira,MG,1004.148505,952.193539,0.000000,51.954966,94.825968,0.000000
3130903,Inhapim,MG,858.024439,0.000000,0.000000,858.024439,0.000000,0.000000
3131802,Itabirinha,MG,209.033835,0.000000,0.000000,209.033835,0.000000,0.000000
3132008,Itacambira,MG,1788.445289,1788.445289,0.000000,0.000000,100.000000,0.000000
3132107,Itacarambi,MG,1225.273807,243.158851,982.114957,0,19.845266,80.154734
3132305,Itaipé,MG,480.829339,0.000000,0.000000,480.829339,0.000000,0.000000
3132503,Itamarandiba,MG,2735.572903,1807.030253,0.000000,928.542651,66.056739,0.000000
3132701,Itambacuri,MG,1419.209365,0.000000,0.000000,1419.209365,0.000000,0.000000
3133204,Itanhomi,MG,488.842886,0.000000,0.000000,488.842886,0.000000,0.000000
3133303,Itaobim,MG,679.023712,0.000000,0.000000,679.023712,0.000000,0.000000
3134004,Itinga,MG,1649.621866,0.000000,0.000000,1649.621866,0.000000,0.000000
3134103,Itueta,MG,452.675804,0.000000,0.000000,452.675804,0.000000,0.000000
3134707,Jacinto,MG,1393.609052,0.000000,0.000000,1393.609052,0.000000,0.000000
3135050,Jaíba,MG,2635.463703,0.000000,2635.463703,0.000000,0.000000,100.000000
3135076,Jampruca,MG,517.095246,0.000000,0.000000,517.095246,0.000000,0.000000
3135100,Janaúba,MG,2181.344777,114.057855,2067.286922,0,5.228786,94.771214
3135209,Januária,MG,6661.590478,5373.233454,1288.356936,0.000088,80.659919,19.340080
3135357,Japonvar,MG,375.180880,190.702658,184.478222,0.000000,50.829525,49.170475
3135456,Jenipapo de Minas,MG,284.452903,86.953376,0.000000,197.499527,30.568637,0.000000
3135605,Jequitaí,MG,1268.442717,1268.442717,0.000000,0,100.000000,0.000000
3135803,Jequitinhonha,MG,3514.215726,0.000000,0.000000,3514.215726,0.000000,0.000000
3136009,Joaíma,MG,1664.189605,0.000000,0.000000,1664.189605,0.000000,0.000000
3136504,Jordânia,MG,546.705327,0.000000,0.000000,546.705327,0.000000,0.000000
3136520,José Gonçalves de Minas,MG,381.332012,381.332012,0.000000,0,100.000000,0.000000
3136553,José Raydan,MG,180.821876,0.000000,0.000000,180.821876,0.000000,0.000000
3136579,Josenópolis,MG,541.393232,541.393232,0.000000,0.000000,100.000000,0.000000
3136801,Juramento,MG,431.629569,431.629569,0.000000,0.000000,100.000000,0.000000
3136959,Juvenília,MG,1064.684291,0.000000,1064.684291,0,0.000000,100.000000
3137007,Ladainha,MG,866.289565,0.000000,0.000000,866.289565,0.000000,0.000000
3137304,Lagoa dos Patos,MG,600.546773,600.546773,0.000000,0.000000,100.000000,0.000000
3138104,Lassance,MG,3204.216859,3204.216859,0.000000,0.000000,100.000000,0.000000
3138351,Leme do Prado,MG,280.036123,280.036123,0.000000,0.000000,100.000000,0.000000
3138658,Lontra,MG,258.924798,140.919964,118.004834,0.000000,54.425055,45.574945
3138682,Luislândia,MG,411.714354,411.714354,0.000000,0.000000,100.000000,0.000000
3138906,Machacalis,MG,332.377882,0.000000,0.000000,332.377882,0.000000,0.000000
3139201,Malacacheta,MG,727.885771,0.000000,0.000000,727.885771,0.000000,0.000000
3139250,Mamonas,MG,284.365300,0.000000,284.365300,0.000000,0.000000,100.000000
3139300,Manga,MG,1950.189192,37.162960,1913.026233,0.000000,1.905608,98.094392
3139607,Mantena,MG,685.207834,0.000000,0.000000,685.207834,0.000000,0.000000
3140100,Marilac,MG,158.809072,0.000000,0.000000,158.809072,0.000000,0.000000
3140555,Mata Verde,MG,227.538924,0.000000,0.000000,227.538924,0.000000,0.000000
3140605,Materlândia,MG,280.530487,0.000000,0.000000,280.530487,0.000000,0.000000
3140852,Matias Cardoso,MG,1940.590050,0.000000,1940.590050,0.000000,0.000000,100.000000
3141009,Mato Verde,MG,472.245302,94.709180,377.536122,0.000000,20.055081,79.944919
3141405,Medina,MG,1435.903424,0.000000,0.000000,1435.903424,0.000000,0.000000
3141504,Mendes Pimentel,MG,305.507474,0.000000,0.000000,305.507474,0.000000,0.000000
3141801,Minas Novas,MG,1812.398034,1463.490797,0.000000,348.907237,80.748863,0.000000
3142007,Mirabela,MG,723.276874,677.106538,46.170226,0.000110,93.616506,6.383479
3142254,Miravânia,MG,602.128227,439.817835,162.310392,0,73.043883,26.956117
3142700,Montalvânia,MG,1503.757152,767.105007,736.652145,0.000000,51.012559,48.987441
3142908,Monte Azul,MG,1001.296462,93.948736,907.347726,0,9.382709,90.617291
3143153,Monte Formoso,MG,385.552789,0.000000,0.000000,385.552789,0.000000,0.000000
3143302,Montes Claros,MG,3589.813514,3000.457834,589.355259,0.000422,83.582554,16.417434
3143450,Montezuma,MG,1130.419259,1128.115565,2.303693,0.000001,99.796209,0.203791
3144003,Mutum,MG,1250.823544,0.000000,0.000000,1250.823544,0.000000,0.000000
3144201,Nacip Raydan,MG,233.493030,0.000000,0.000000,233.493030,0.000000,0.000000
3144300,Nanuque,MG,1518.165433,0.000000,0.000000,1518.165433,0.000000,0.000000
3144359,Naque,MG,127.172980,0.000000,0.000000,127.172980,0.000000,0.000000
3144375,Natalândia,MG,468.659595,468.659595,0.000000,0.000000,100.000000,0.000000
3144656,Ninheira,MG,1108.282233,22.972610,0.000000,1085.309624,2.072812,0.000000
3144672,Nova Belém,MG,146.776917,0.000000,0.000000,146.776917,0.000000,0.000000
3144904,Nova Módica,MG,375.972663,0.000000,0.000000,375.972663,0.000000,0.000000
3145059,Nova Porteirinha,MG,120.943489,0.000000,120.943489,0,0.000000,100.000000
3145307,Novo Cruzeiro,MG,1702.981308,0.017771,0.000000,1702.963537,0.001044,0.000000
3145356,Novo Oriente de Minas,MG,755.150978,0.000000,0.000000,755.150978,0.000000,0.000000
3145372,Novorizonte,MG,271.610161,211.656162,0.000000,59.953999,77.926452,0.000000
3145455,Olhos-d'Água,MG,2092.077842,2092.077842,0.000000,0.000000,100.000000,0.000000
3146206,Ouro Verde de Minas,MG,175.482116,0.000000,0.000000,175.482116,0.000000,0.000000
3146255,Padre Carvalho,MG,446.274794,446.274794,0.000000,0.000000,100.000000,0.000000
3146305,Padre Paraíso,MG,544.375377,0.000000,0.000000,544.375377,0.000000,0.000000
3146552,Pai Pedro,MG,839.804983,0.000000,839.804983,0.000000,0.000000,100.000000
3146750,Palmópolis,MG,433.153907,0.000000,0.000000,433.153907,0.000000,0.000000
3147956,Patis,MG,444.194726,169.966322,274.228936,0,38.263922,61.736198
3148400,Paulistas,MG,220.564287,0.000000,0.000000,220.564287,0.000000,0.000000
3148509,Pavão,MG,601.190488,0.000000,0.000000,601.190488,0.000000,0.000000
3148608,Peçanha,MG,996.645973,0.000000,0.000000,996.645973,0.000000,0.000000
3148707,Pedra Azul,MG,1594.651085,0.000000,0.000000,1594.651085,0.000000,0.000000
3149150,Pedras de Maria da Cruz,MG,1525.648444,6.629997,1519.018447,0,0.434569,99.565431
3149952,Periquito,MG,228.907488,0.000000,0.000000,228.907488,0.000000,0.000000
3150000,Pescador,MG,317.462524,0.000000,0.000000,317.462524,0.000000,0.000000
3150158,Piedade de Caratinga,MG,109.344631,0.000000,0.000000,109.344631,0.000000,0.000000
3150570,Pintópolis,MG,1228.735910,1212.288800,16.447110,0,98.661461,1.338539
3151206,Pirapora,MG,549.514295,549.514295,0.000000,0,100.000000,0.000000
3152131,Ponto Chique,MG,602.798654,602.798654,0.000000,0,100.000000,0.000000
3152170,Ponto dos Volantes,MG,1212.413395,0.000000,0.000000,1212.413395,0.000000,0.000000
3152204,Porteirinha,MG,1749.683289,186.840111,1562.843177,0.000000,10.678510,89.321490
3152402,Poté,MG,625.111099,0.000000,0.000000,625.111099,0.000000,0.000000
3154309,Resplendor,MG,1081.795723,0.000000,0.000000,1081.795723,0.000000,0.000000
3154457,Riachinho,MG,1719.265576,1719.265576,0.000000,0,100.000000,0.000000
3154507,Riacho dos Machados,MG,1315.539704,959.658698,355.881005,0,72.947908,27.052092
3155108,Rio do Prado,MG,479.815012,0.000000,0.000000,479.815012,0.000000,0.000000
3155603,Rio Pardo de Minas,MG,3117.674920,3117.674920,0.000000,0,100.000000,0.000000
3156007,Rio Vermelho,MG,986.561334,87.013121,0.000000,899.548213,8.819839,0.000000
3156502,Rubelita,MG,1110.294544,197.044425,0.000000,913.250119,17.747041,0.000000
3156601,Rubim,MG,965.173954,0.000000,0.000000,965.173954,0.000000,0.000000
3156809,Sabinópolis,MG,919.810786,0.000000,0.000000,919.810786,0.000000,0.000000
3157005,Salinas,MG,1862.116991,146.571579,0.000000,1715.545412,7.871234,0.000000
3157104,Salto da Divisa,MG,938.008153,0.000000,0.000000,938.008153,0.000000,0.000000
3157252,Santa Bárbara do Leste,MG,107.402169,0.000000,0.000000,107.402169,0.000000,0.000000
3157377,Santa Cruz de Salinas,MG,589.607298,72.056287,0.000000,517.551011,12.221064,0.000000
3157500,Santa Efigênia de Minas,MG,131.965368,0.000000,0.000000,131.965368,0.000000,0.000000
3157609,Santa Fé de Minas,MG,2917.448495,2917.448495,0.000000,0.000000,100.000000,0.000000
3157658,Santa Helena de Minas,MG,276.432556,0.000000,0.000000,276.432556,0.000000,0.000000
3158102,Santa Maria do Salto,MG,440.604998,0.000000,0.000000,440.604998,0.000000,0.000000
3158201,Santa Maria do Suaçuí,MG,624.047444,0.000000,0.000000,624.047444,0.000000,0.000000
3159357,Santa Rita de Minas,MG,68.152752,0.000000,0.000000,68.152752,0.000000,0.000000
3159506,Santa Rita do Itueto,MG,485.081425,0.000000,0.000000,485.081425,0.000000,0.000000
3160207,Santo Antônio do Itambé,MG,305.736734,19.679325,0.000000,286.057409,6.436690,0.000000
3160306,Santo Antônio do Jacinto,MG,503.706470,0.000000,0.000000,503.706470,0.000000,0.000000
3160454,Santo Antônio do Retiro,MG,796.290028,796.290028,0.000000,0,100.000000,0.000000
3160959,São Domingos das Dores,MG,60.865378,0.000000,0.000000,60.865378,0.000000,0.000000
3161056,São Félix de Minas,MG,162.560055,0.000000,0.000000,162.560055,0.000000,0.000000
3161106,São Francisco,MG,3308.099938,1970.220313,1337.879625,0.000000,59.557460,40.442540
3161601,São Geraldo da Piedade,MG,152.335891,0.000000,0.000000,152.335891,0.000000,0.000000
3161650,São Geraldo do Baixio,MG,280.954472,0.000000,0.000000,280.954472,0.000000,0.000000
3162252,São João da Lagoa,MG,998.014645,998.014645,0.000000,0.000000,100.000000,0.000000
3162401,São João da Ponte,MG,1851.102119,216.095064,1635.007055,0,11.673860,88.326140
3162450,São João das Missões,MG,678.273636,270.233342,408.040294,0,39.841345,60.158655
3162575,São João do Manteninha,MG,137.926632,0.000000,0.000000,137.926632,0.000000,0.000000
3162658,São João do Pacuí,MG,415.921719,415.921719,0.000000,0.000000,100.000000,0.000000
3162708,São João do Paraíso,MG,1925.575444,827.289038,11.527740,1086.758666,42.963211,0.598665
3162807,São João Evangelista,MG,478.183156,0.000000,0.000000,478.183156,0.000000,0.000000
3163003,São José da Safira,MG,213.880811,0.000000,0.000000,213.880811,0.000000,0.000000
3163300,São José do Divino,MG,328.703874,0.000000,0.000000,328.703874,0.000000,0.000000
3163508,São José do Jacuri,MG,345.145736,0.000000,0.000000,345.145736,0.000000,0.000000
3164100,São Pedro do Suaçuí,MG,308.105856,0.000000,0.000000,308.105856,0.000000,0.000000
3164209,São Romão,MG,2434.003996,2434.003996,0.000000,0,100.000000,0.000000
3164472,São Sebastião do Anta,MG,80.617688,0.000000,0.000000,80.617688,0.000000,0.000000
3164506,São Sebastião do Maranhão,MG,517.829724,0.000000,0.000000,517.829724,0.000000,0.000000
3165503,Sardoá,MG,141.903728,0.000000,0.000000,141.903728,0.000000,0.000000
3165552,Setubinha,MG,534.655072,49.400674,0.000000,485.254398,9.239728,0.000000
3165909,Senador Modestino Gonçalves,MG,952.068042,893.775237,0.000000,58.292805,93.877244,0.000000
3166105,Senhora do Porto,MG,381.328023,0.000000,0.000000,381.328023,0.000000,0.000000
3166501,Serra Azul de Minas,MG,218.594720,21.559000,0.000000,197.035720,9.862544,0.000000
3166709,Serra dos Aimorés,MG,213.573068,0.000000,0.000000,213.573068,0.000000,0.000000
3166956,Serranópolis de Minas,MG,551.954074,257.214489,294.739585,0,46.600705,53.399295
3167103,Serro,MG,1217.813220,478.981658,0.000000,738.831562,39.331291,0.000000
3167707,Sobrália,MG,206.786563,0.000000,0.000000,206.786563,0.000000,0.000000
3168002,Taiobeiras,MG,1220.045515,1003.676680,0.000000,216.368835,82.265511,0.000000
3168051,Taparuba,MG,193.081610,0.000000,0.000000,193.081610,0.000000,0.000000
3168408,Tarumirim,MG,731.753283,0.000000,0.000000,731.753283,0.000000,0.000000
3168606,Teófilo Otoni,MG,3242.269555,0.000000,0.000000,3242.269555,0.000000,0.000000
3169505,Tumiritinga,MG,500.072700,0.000000,0.000000,500.072700,0.000000,0.000000
3169703,Turmalina,MG,1153.110671,1153.110671,0.000000,0.000000,100.000000,0.000000
3170008,Ubaí,MG,820.524123,820.524123,0.000000,0.000000,100.000000,0.000000
3170057,Ubaporanga,MG,189.045140,0.000000,0.000000,189.045140,0.000000,0.000000
3170305,Umburatiba,MG,405.834227,0.000000,0.000000,405.834227,0.000000,0.000000
3170479,Uruana de Minas,MG,598.220973,598.220973,0.000000,0,100.000000,0.000000
3170529,Urucuia,MG,2076.942275,2076.942275,0.000000,0,100.000000,0.000000
3170651,Vargem Grande do Rio Pardo,MG,491.512399,491.512399,0.000000,0,100.000000,0.000000
3170800,Várzea da Palma,MG,2220.278809,2220.278809,0.000000,0.000000,100.000000,0.000000
3170909,Varzelândia,MG,814.994155,21.129323,793.864832,0,2.592574,97.407426
3171030,Verdelândia,MG,1570.566634,0.000000,1570.566634,0.000000,0.000000,100.000000
3171071,Veredinha,MG,631.691501,631.691501,0.000000,0.000000,100.000000,0.000000
3171501,Mathias Lobato,MG,172.294077,0.000000,0.000000,172.294077,0.000000,0.000000
3171600,Virgem da Lapa,MG,868.914243,697.051422,0.000000,171.862821,80.220969,0.000000
3171808,Virginópolis,MG,439.878056,0.000000,0.000000,439.878056,0.000000,0.000000
3171907,Virgolândia,MG,281.022379,0.000000,0.000000,281.022379,0.000000,0.000000
