codigo_ibge,municipio,uf,codigo_sudene,recorte,fonte,versao_recorte
3100500,Açucena,MG,1,Área de atuação da SUDENE,IBGE - Área de Atuação da SUDENE,2021 (LC 185/2021)
3100609,Água Boa,MG,1,Área de atuação da SUDENE,IBGE - Área de Atuação da SUDENE,2021 (LC 185/2021)
3100906,Águas Formosas,MG,1,Área de atuação da SUDENE,IBGE - Área de Atuação da SUDENE,2021 (LC 185/2021)
3101003,Águas Vermelhas,MG,1,Área de atuação da SUDENE,IBGE - Área de Atuação da SUDENE,2021 (LC 185/2021)
3101102,Aimorés,MG,1,Área de atuação da SUDENE,IBGE - Área de Atuação da SUDENE,2021 (LC 185/2021)
3101706,Almenara,MG,1,Área de atuação da SUDENE,IBGE - Área de Atuação da SUDENE,2021 (LC 185/2021)
3101805,Alpercata,MG,1,Área de atuação da SUDENE,IBGE - Área de Atuação da SUDENE,2021 (LC 185/2021)
3102209,Alvarenga,MG,1,Área de atuação da SUDENE,IBGE - Área de Atuação da SUDENE,2021 (LC 185/2021)
3102704,Cachoeira de Pajeú,MG,1,Área de atuação da SUDENE,IBGE - Área de Atuação da SUDENE,2021 (LC 185/2021)
3102852,Angelândia,MG,1,Área de atuação da SUDENE,IBGE - Área de Atuação da SUDENE,2021 (LC 185/2021)
3103405,Araçuaí,MG,1,Área de atuação da SUDENE,IBGE - Área de Atuação da SUDENE,2021 (LC 185/2021)
3104452,Aricanduva,MG,1,Área de atuação da SUDENE,IBGE - Área de Atuação da SUDENE,2021 (LC 185/2021)
3104502,Arinos,MG,1,Área de atuação da SUDENE,IBGE - Área de Atuação da SUDENE,2021 (LC 185/2021)
3104700,Ataléia,MG,1,Área de atuação da SUDENE,IBGE - Área de Atuação da SUDENE,2021 (LC 185/2021)
3105202,Bandeira,MG,1,Área de atuação da SUDENE,IBGE - Área de Atuação da SUDENE,2021 (LC 185/2021)
3106507,Berilo,MG,1,Área de atuação da SUDENE,IBGE - Área de Atuação da SUDENE,2021 (LC 185/2021)
3106606,Bertópolis,MG,1,Área de atuação da SUDENE,IBGE - Área de Atuação da SUDENE,2021 (LC 185/2021)
3106655,Berizal,MG,1,Área de atuação da SUDENE,IBGE - Área de Atuação da SUDENE,2021 (LC 185/2021)
3107307,Bocaiúva,MG,1,Área de atuação da SUDENE,IBGE - Área de Atuação da SUDENE,2021 (LC 185/2021)
3108206,Bonfinópolis de Minas,MG,1,Área de atuação da SUDENE,IBGE - Área de Atuação da SUDENE,2021 (LC 185/2021)
3108255,Bonito de Minas,MG,1,Área de atuação da SUDENE,IBGE - Área de Atuação da SUDENE,2021 (LC 185/2021)
3108503,Botumirim,MG,1,Área de atuação da SUDENE,IBGE - Área de Atuação da SUDENE,2021 (LC 185/2021)
3108602,Brasília de Minas,MG,1,Área de atuação da SUDENE,IBGE - Área de Atuação da SUDENE,2021 (LC 185/2021)
3108800,Braúnas,MG,1,Área de atuação da SUDENE,IBGE - Área de Atuação da SUDENE,2021 (LC 185/2021)
3109402,Buritizeiro,MG,1,Área de atuação da SUDENE,IBGE - Área de Atuação da SUDENE,2021 (LC 185/2021)
3110806,Campanário,MG,1,Área de atuação da SUDENE,IBGE - Área de Atuação da SUDENE,2021 (LC 185/2021)
3111150,Campo Azul,MG,1,Área de atuação da SUDENE,IBGE - Área de Atuação da SUDENE,2021 (LC 185/2021)
3112059,Cantagalo,MG,1,Área de atuação da SUDENE,IBGE - Área de Atuação da SUDENE,2021 (LC 185/2021)
3112307,Capelinha,MG,1,Área de atuação da SUDENE,IBGE - Área de Atuação da SUDENE,2021 (LC 185/2021)
3112653,Capitão Andrade,MG,1,Área de atuação da SUDENE,IBGE - Área de Atuação da SUDENE,2021 (LC 185/2021)
3112703,Capitão Enéas,MG,1,Área de atuação da SUDENE,IBGE - Área de Atuação da SUDENE,2021 (LC 185/2021)
3113008,Caraí,MG,1,Área de atuação da SUDENE,IBGE - Área de Atuação da SUDENE,2021 (LC 185/2021)
3113503,Carbonita,MG,1,Área de atuação da SUDENE,IBGE - Área de Atuação da SUDENE,2021 (LC 185/2021)
3113701,Carlos Chagas,MG,1,Área de atuação da SUDENE,IBGE - Área de Atuação da SUDENE,2021 (LC 185/2021)
3113800,Carmésia,MG,1,Área de atuação da SUDENE,IBGE - Área de Atuação da SUDENE,2021 (LC 185/2021)
3115458,Catuji,MG,1,Área de atuação da SUDENE,IBGE - Área de Atuação da SUDENE,2021 (LC 185/2021)
3115474,Catuti,MG,1,Área de atuação da SUDENE,IBGE - Área de Atuação da SUDENE,2021 (LC 185/2021)
3115706,Central de Minas,MG,1,Área de atuação da SUDENE,IBGE - Área de Atuação da SUDENE,2021 (LC 185/2021)
3116100,Chapada do Norte,MG,1,Área de atuação da SUDENE,IBGE - Área de Atuação da SUDENE,2021 (LC 185/2021)
3116159,Chapada Gaúcha,MG,1,Área de atuação da SUDENE,IBGE - Área de Atuação da SUDENE,2021 (LC 185/2021)
3116506,Claro dos Poções,MG,1,Área de atuação da SUDENE,IBGE - Área de Atuação da SUDENE,2021 (LC 185/2021)
3116803,Coluna,MG,1,Área de atuação da SUDENE,IBGE - Área de Atuação da SUDENE,2021 (LC 185/2021)
3117009,Comercinho,MG,1,Área de atuação da SUDENE,IBGE - Área de Atuação da SUDENE,2021 (LC 185/2021)
3117836,Cônego Marinho,MG,1,Área de atuação da SUDENE,IBGE - Área de Atuação da SUDENE,2021 (LC 185/2021)
3118403,Conselheiro Pena,MG,1,Área de atuação da SUDENE,IBGE - Área de Atuação da SUDENE,2021 (LC 185/2021)
3118809,Coração de Jesus,MG,1,Área de atuação da SUDENE,IBGE - Área de Atuação da SUDENE,2021 (LC 185/2021)
3119203,Coroaci,MG,1,Área de atuação da SUDENE,IBGE - Área de Atuação da SUDENE,2021 (LC 185/2021)
3119500,Coronel Murta,MG,1,Área de atuação da SUDENE,IBGE - Área de Atuação da SUDENE,2021 (LC 185/2021)
3120102,Couto de Magalhães de Minas,MG,1,Área de atuação da SUDENE,IBGE - Área de Atuação da SUDENE,2021 (LC 185/2021)
3120151,Crisólita,MG,1,Área de atuação da SUDENE,IBGE - Área de Atuação da SUDENE,2021 (LC 185/2021)
3120300,Cristália,MG,1,Área de atuação da SUDENE,IBGE - Área de Atuação da SUDENE,2021 (LC 185/2021)
3120839,Cuparaque,MG,1,Área de atuação da SUDENE,IBGE - Área de Atuação da SUDENE,2021 (LC 185/2021)
3120870,Curral de Dentro,MG,1,Área de atuação da SUDENE,IBGE - Área de Atuação da SUDENE,2021 (LC 185/2021)
3121001,Datas,MG,1,Área de atuação da SUDENE,IBGE - Área de Atuação da SUDENE,2021 (LC 185/2021)
3121605,Diamantina,MG,1,Área de atuação da SUDENE,IBGE - Área de Atuação da SUDENE,2021 (LC 185/2021)
3122108,Divino das Laranjeiras,MG,1,Área de atuação da SUDENE,IBGE - Área de Atuação da SUDENE,2021 (LC 185/2021)
3122207,Divinolândia de Minas,MG,1,Área de atuação da SUDENE,IBGE - Área de Atuação da SUDENE,2021 (LC 185/2021)
3122355,Divisa Alegre,MG,1,Área de atuação da SUDENE,IBGE - Área de Atuação da SUDENE,2021 (LC 185/2021)
3122454,Divisópolis,MG,1,Área de atuação da SUDENE,IBGE - Área de Atuação da SUDENE,2021 (LC 185/2021)
3122470,Dom Bosco,MG,1,Área de atuação da SUDENE,IBGE - Área de Atuação da SUDENE,2021 (LC 185/2021)
3123106,Dores de Guanhães,MG,1,Área de atuação da SUDENE,IBGE - Área de Atuação da SUDENE,2021 (LC 185/2021)
3123700,Engenheiro Caldas,MG,1,Área de atuação da SUDENE,IBGE - Área de Atuação da SUDENE,2021 (LC 185/2021)
3123809,Engenheiro Navarro,MG,1,Área de atuação da SUDENE,IBGE - Área de Atuação da SUDENE,2021 (LC 185/2021)
3124302,Espinosa,MG,1,Área de atuação da SUDENE,IBGE - Área de Atuação da SUDENE,2021 (LC 185/2021)
3125408,Felício dos Santos,MG,1,Área de atuação da SUDENE,IBGE - Área de Atuação da SUDENE,2021 (LC 185/2021)
3125507,São Gonçalo do Rio Preto,MG,1,Área de atuação da SUDENE,IBGE - Área de Atuação da SUDENE,2021 (LC 185/2021)
3125606,Felisburgo,MG,1,Área de atuação da SUDENE,IBGE - Área de Atuação da SUDENE,2021 (LC 185/2021)
3125804,Fernandes Tourinho,MG,1,Área de atuação da SUDENE,IBGE - Área de Atuação da SUDENE,2021 (LC 185/2021)
3126208,Formoso,MG,1,Área de atuação da SUDENE,IBGE - Área de Atuação da SUDENE,2021 (LC 185/2021)
3126505,Francisco Badaró,MG,1,Área de atuação da SUDENE,IBGE - Área de Atuação da SUDENE,2021 (LC 185/2021)
3126604,Francisco Dumont,MG,1,Área de atuação da SUDENE,IBGE - Área de Atuação da SUDENE,2021 (LC 185/2021)
3126703,Francisco Sá,MG,1,Área de atuação da SUDENE,IBGE - Área de Atuação da SUDENE,2021 (LC 185/2021)
3126752,Franciscópolis,MG,1,Área de atuação da SUDENE,IBGE - Área de Atuação da SUDENE,2021 (LC 185/2021)
3126802,Frei Gaspar,MG,1,Área de atuação da SUDENE,IBGE - Área de Atuação da SUDENE,2021 (LC 185/2021)
3126901,Frei Inocêncio,MG,1,Área de atuação da SUDENE,IBGE - Área de Atuação da SUDENE,2021 (LC 185/2021)
3126950,Frei Lagonegro,MG,1,Área de atuação da SUDENE,IBGE - Área de Atuação da SUDENE,2021 (LC 185/2021)
3127057,Fronteira dos Vales,MG,1,Área de atuação da SUDENE,IBGE - Área de Atuação da SUDENE,2021 (LC 185/2021)
3127073,Fruta de Leite,MG,1,Área de atuação da SUDENE,IBGE - Área de Atuação da SUDENE,2021 (LC 185/2021)
3127305,Galiléia,MG,1,Área de atuação da SUDENE,IBGE - Área de Atuação da SUDENE,2021 (LC 185/2021)
3127339,Gameleiras,MG,1,Área de atuação da SUDENE,IBGE - Área de Atuação da SUDENE,2021 (LC 185/2021)
3127354,Glaucilândia,MG,1,Área de atuação da SUDENE,IBGE - Área de Atuação da SUDENE,2021 (LC 185/2021)
3127370,Goiabeira,MG,1,Área de atuação da SUDENE,IBGE - Área de Atuação da SUDENE,2021 (LC 185/2021)
3127503,Gonzaga,MG,1,Área de atuação da SUDENE,IBGE - Área de Atuação da SUDENE,2021 (LC 185/2021)
3127701,Governador Valadares,MG,1,Área de atuação da SUDENE,IBGE - Área de Atuação da SUDENE,2021 (LC 185/2021)
3127800,Grão Mogol,MG,1,Área de atuação da SUDENE,IBGE - Área de Atuação da SUDENE,2021 (LC 185/2021)
3128006,Guanhães,MG,1,Área de atuação da SUDENE,IBGE - Área de Atuação da SUDENE,2021 (LC 185/2021)
3128253,Guaraciama,MG,1,Área de atuação da SUDENE,IBGE - Área de Atuação da SUDENE,2021 (LC 185/2021)
3129608,Ibiaí,MG,1,Área de atuação da SUDENE,IBGE - Área de Atuação da SUDENE,2021 (LC 185/2021)
3129657,Ibiracatu,MG,1,Área de atuação da SUDENE,IBGE - Área de Atuação da SUDENE,2021 (LC 185/2021)
3130051,Icaraí de Minas,MG,1,Área de atuação da SUDENE,IBGE - Área de Atuação da SUDENE,2021 (LC 185/2021)
3130556,Imbé de Minas,MG,1,Área de atuação da SUDENE,IBGE - Área de Atuação da SUDENE,2021 (LC 185/2021)
3130655,Indaiabira,MG,1,Área de atuação da SUDENE,IBGE - Área de Atuação da SUDENE,2021 (LC 185/2021)
3130903,Inhapim,MG,1,Área de atuação da SUDENE,IBGE - Área de Atuação da SUDENE,2021 (LC 185/2021)
3131802,Itabirinha,MG,1,Área de atuação da SUDENE,IBGE - Área de Atuação da SUDENE,2021 (LC 185/2021)
3132008,Itacambira,MG,1,Área de atuação da SUDENE,IBGE - Área de Atuação da SUDENE,2021 (LC 185/2021)
3132107,Itacarambi,MG,1,Área de atuação da SUDENE,IBGE - Área de Atuação da SUDENE,2021 (LC 185/2021)
3132305,Itaipé,MG,1,Área de atuação da SUDENE,IBGE - Área de Atuação da SUDENE,2021 (LC 185/2021)
3132503,Itamarandiba,MG,1,Área de atuação da SUDENE,IBGE - Área de Atuação da SUDENE,2021 (LC 185/2021)
3132701,Itambacuri,MG,1,Área de atuação da SUDENE,IBGE - Área de Atuação da SUDENE,2021 (LC 185/2021)
3133204,Itanhomi,MG,1,Área de atuação da SUDENE,IBGE - Área de Atuação da SUDENE,2021 (LC 185/2021)
3133303,Itaobim,MG,1,Área de atuação da SUDENE,IBGE - Área de Atuação da SUDENE,2021 (LC 185/2021)
3134004,Itinga,MG,1,Área de atuação da SUDENE,IBGE - Área de Atuação da SUDENE,2021 (LC 185/2021)
3134103,Itueta,MG,1,Área de atuação da SUDENE,IBGE - Área de Atuação da SUDENE,2021 (LC 185/2021)
3134707,Jacinto,MG,1,Área de atuação da SUDENE,IBGE - Área de Atuação da SUDENE,2021 (LC 185/2021)
3135050,Jaíba,MG,1,Área de atuação da SUDENE,IBGE - Área de Atuação da SUDENE,2021 (LC 185/2021)
3135076,Jampruca,MG,1,Área de atuação da SUDENE,IBGE - Área de Atuação da SUDENE,2021 (LC 185/2021)
3135100,Janaúba,MG,1,Área de atuação da SUDENE,IBGE - Área de Atuação da SUDENE,2021 (LC 185/2021)
3135209,Januária,MG,1,Área de atuação da SUDENE,IBGE - Área de Atuação da SUDENE,2021 (LC 185/2021)
3135357,Japonvar,MG,1,Área de atuação da SUDENE,IBGE - Área de Atuação da SUDENE,2021 (LC 185/2021)
3135456,Jenipapo de Minas,MG,1,Área de atuação da SUDENE,IBGE - Área de Atuação da SUDENE,2021 (LC 185/2021)
3135605,Jequitaí,MG,1,Área de atuação da SUDENE,IBGE - Área de Atuação da SUDENE,2021 (LC 185/2021)
3135803,Jequitinhonha,MG,1,Área de atuação da SUDENE,IBGE - Área de Atuação da SUDENE,2021 (LC 185/2021)
3136009,Joaíma,MG,1,Área de atuação da SUDENE,IBGE - Área de Atuação da SUDENE,2021 (LC 185/2021)
3136504,Jordânia,MG,1,Área de atuação da SUDENE,IBGE - Área de Atuação da SUDENE,2021 (LC 185/2021)
3136520,José Gonçalves de Minas,MG,1,Área de atuação da SUDENE,IBGE - Área de Atuação da SUDENE,2021 (LC 185/2021)
3136553,José Raydan,MG,1,Área de atuação da SUDENE,IBGE - Área de Atuação da SUDENE,2021 (LC 185/2021)
3136579,Josenópolis,MG,1,Área de atuação da SUDENE,IBGE - Área de Atuação da SUDENE,2021 (LC 185/2021)
3136801,Juramento,MG,1,Área de atuação da SUDENE,IBGE - Área de Atuação da SUDENE,2021 (LC 185/2021)
3136959,Juvenília,MG,1,Área de atuação da SUDENE,IBGE - Área de Atuação da SUDENE,2021 (LC 185/2021)
3137007,Ladainha,MG,1,Área de atuação da SUDENE,IBGE - Área de Atuação da SUDENE,2021 (LC 185/2021)
3137304,Lagoa dos Patos,MG,1,Área de atuação da SUDENE,IBGE - Área de Atuação da SUDENE,2021 (LC 185/2021)
3138104,Lassance,MG,1,Área de atuação da SUDENE,IBGE - Área de Atuação da SUDENE,2021 (LC 185/2021)
3138351,Leme do Prado,MG,1,Área de atuação da SUDENE,IBGE - Área de Atuação da SUDENE,2021 (LC 185/2021)
3138658,Lontra,MG,1,Área de atuação da SUDENE,IBGE - Área de Atuação da SUDENE,2021 (LC 185/2021)
3138682,Luislândia,MG,1,Área de atuação da SUDENE,IBGE - Área de Atuação da SUDENE,2021 (LC 185/2021)
3138906,Machacalis,MG,1,Área de atuação da SUDENE,IBGE - Área de Atuação da SUDENE,2021 (LC 185/2021)
3139201,Malacacheta,MG,1,Área de atuação da SUDENE,IBGE - Área de Atuação da SUDENE,2021 (LC 185/2021)
3139250,Mamonas,MG,1,Área de atuação da SUDENE,IBGE - Área de Atuação da SUDENE,2021 (LC 185/2021)
3139300,Manga,MG,1,Área de atuação da SUDENE,IBGE - Área de Atuação da SUDENE,2021 (LC 185/2021)
3139607,Mantena,MG,1,Área de atuação da SUDENE,IBGE - Área de Atuação da SUDENE,2021 (LC 185/2021)
3140100,Marilac,MG,1,Área de atuação da SUDENE,IBGE - Área de Atuação da SUDENE,2021 (LC 185/2021)
3140555,Mata Verde,MG,1,Área de atuação da SUDENE,IBGE - Área de Atuação da SUDENE,2021 (LC 185/2021)
3140605,Materlândia,MG,1,Área de atuação da SUDENE,IBGE - Área de Atuação da SUDENE,2021 (LC 185/2021)
3140852,Matias Cardoso,MG,1,Área de atuação da SUDENE,IBGE - Área de Atuação da SUDENE,2021 (LC 185/2021)
3141009,Mato Verde,MG,1,Área de atuação da SUDENE,IBGE - Área de Atuação da SUDENE,2021 (LC 185/2021)
3141405,Medina,MG,1,Área de atuação da SUDENE,IBGE - Área de Atuação da SUDENE,2021 (LC 185/2021)
3141504,Mendes Pimentel,MG,1,Área de atuação da SUDENE,IBGE - Área de Atuação da SUDENE,2021 (LC 185/2021)
3141801,Minas Novas,MG,1,Área de atuação da SUDENE,IBGE - Área de Atuação da SUDENE,2021 (LC 185/2021)
3142007,Mirabela,MG,1,Área de atuação da SUDENE,IBGE - Área de Atuação da SUDENE,2021 (LC 185/2021)
3142254,Miravânia,MG,1,Área de atuação da SUDENE,IBGE - Área de Atuação da SUDENE,2021 (LC 185/2021)
3142700,Montalvânia,MG,1,Área de atuação da SUDENE,IBGE - Área de Atuação da SUDENE,2021 (LC 185/2021)
3142908,Monte Azul,MG,1,Área de atuação da SUDENE,IBGE - Área de Atuação da SUDENE,2021 (LC 185/2021)
3143153,Monte Formoso,MG,1,Área de atuação da SUDENE,IBGE - Área de Atuação da SUDENE,2021 (LC 185/2021)
3143302,Montes Claros,MG,1,Área de atuação da SUDENE,IBGE - Área de Atuação da SUDENE,2021 (LC 185/2021)
3143450,Montezuma,MG,1,Área de atuação da SUDENE,IBGE - Área de Atuação da SUDENE,2021 (LC 185/2021)
3144003,Mutum,MG,1,Área de atuação da SUDENE,IBGE - Área de Atuação da SUDENE,2021 (LC 185/2021)
3144201,Nacip Raydan,MG,1,Área de atuação da SUDENE,IBGE - Área de Atuação da SUDENE,2021 (LC 185/2021)
3144300,Nanuque,MG,1,Área de atuação da SUDENE,IBGE - Área de Atuação da SUDENE,2021 (LC 185/2021)
3144359,Naque,MG,1,Área de atuação da SUDENE,IBGE - Área de Atuação da SUDENE,2021 (LC 185/2021)
3144375,Natalândia,MG,1,Área de atuação da SUDENE,IBGE - Área de Atuação da SUDENE,2021 (LC 185/2021)
3144656,Ninheira,MG,1,Área de atuação da SUDENE,IBGE - Área de Atuação da SUDENE,2021 (LC 185/2021)
3144672,Nova Belém,MG,1,Área de atuação da SUDENE,IBGE - Área de Atuação da SUDENE,2021 (LC 185/2021)
3144904,Nova Módica,MG,1,Área de atuação da SUDENE,IBGE - Área de Atuação da SUDENE,2021 (LC 185/2021)
3145059,Nova Porteirinha,MG,1,Área de atuação da SUDENE,IBGE - Área de Atuação da SUDENE,2021 (LC 185/2021)
3145307,Novo Cruzeiro,MG,1,Área de atuação da SUDENE,IBGE - Área de Atuação da SUDENE,2021 (LC 185/2021)
3145356,Novo Oriente de Minas,MG,1,Área de atuação da SUDENE,IBGE - Área de Atuação da SUDENE,2021 (LC 185/2021)
3145372,Novorizonte,MG,1,Área de atuação da SUDENE,IBGE - Área de Atuação da SUDENE,2021 (LC 185/2021)
3145455,Olhos-d'Água,MG,1,Área de atuação da SUDENE,IBGE - Área de Atuação da SUDENE,2021 (LC 185/2021)
3146206,Ouro Verde de Minas,MG,1,Área de atuação da SUDENE,IBGE - Área de Atuação da SUDENE,2021 (LC 185/2021)
3146255,Padre Carvalho,MG,1,Área de atuação da SUDENE,IBGE - Área de Atuação da SUDENE,2021 (LC 185/2021)
3146305,Padre Paraíso,MG,1,Área de atuação da SUDENE,IBGE - Área de Atuação da SUDENE,2021 (LC 185/2021)
3146552,Pai Pedro,MG,1,Área de atuação da SUDENE,IBGE - Área de Atuação da SUDENE,2021 (LC 185/2021)
3146750,Palmópolis,MG,1,Área de atuação da SUDENE,IBGE - Área de Atuação da SUDENE,2021 (LC 185/2021)
3147956,Patis,MG,1,Área de atuação da SUDENE,IBGE - Área de Atuação da SUDENE,2021 (LC 185/2021)
3148400,Paulistas,MG,1,Área de atuação da SUDENE,IBGE - Área de Atuação da SUDENE,2021 (LC 185/2021)
3148509,Pavão,MG,1,Área de atuação da SUDENE,IBGE - Área de Atuação da SUDENE,2021 (LC 185/2021)
3148608,Peçanha,MG,1,Área de atuação da SUDENE,IBGE - Área de Atuação da SUDENE,2021 (LC 185/2021)
3148707,Pedra Azul,MG,1,Área de atuação da SUDENE,IBGE - Área de Atuação da SUDENE,2021 (LC 185/2021)
3149150,Pedras de Maria da Cruz,MG,1,Área de atuação da SUDENE,IBGE - Área de Atuação da SUDENE,2021 (LC 185/2021)
3149952,Periquito,MG,1,Área de atuação da SUDENE,IBGE - Área de Atuação da SUDENE,2021 (LC 185/2021)
3150000,Pescador,MG,1,Área de atuação da SUDENE,IBGE - Área de Atuação da SUDENE,2021 (LC 185/2021)
3150158,Piedade de Caratinga,MG,1,Área de atuação da SUDENE,IBGE - Área de Atuação da SUDENE,2021 (LC 185/2021)
3150570,Pintópolis,MG,1,Área de atuação da SUDENE,IBGE - Área de Atuação da SUDENE,2021 (LC 185/2021)
3151206,Pirapora,MG,1,Área de atuação da SUDENE,IBGE - Área de Atuação da SUDENE,2021 (LC 185/2021)
3152131,Ponto Chique,MG,1,Área de atuação da SUDENE,IBGE - Área de Atuação da SUDENE,2021 (LC 185/2021)
3152170,Ponto dos Volantes,MG,1,Área de atuação da SUDENE,IBGE - Área de Atuação da SUDENE,2021 (LC 185/2021)
3152204,Porteirinha,MG,1,Área de atuação da SUDENE,IBGE - Área de Atuação da SUDENE,2021 (LC 185/2021)
3152402,Poté,MG,1,Área de atuação da SUDENE,IBGE - Área de Atuação da SUDENE,2021 (LC 185/2021)
3154309,Resplendor,MG,1,Área de atuação da SUDENE,IBGE - Área de Atuação da SUDENE,2021 (LC 185/2021)
3154457,Riachinho,MG,1,Área de atuação da SUDENE,IBGE - Área de Atuação da SUDENE,2021 (LC 185/2021)
3154507,Riacho dos Machados,MG,1,Área de atuação da SUDENE,IBGE - Área de Atuação da SUDENE,2021 (LC 185/2021)
3155108,Rio do Prado,MG,1,Área de atuação da SUDENE,IBGE - Área de Atuação da SUDENE,2021 (LC 185/2021)
3155603,Rio Pardo de Minas,MG,1,Área de atuação da SUDENE,IBGE - Área de Atuação da SUDENE,2021 (LC 185/2021)
3156007,Rio Vermelho,MG,1,Área de atuação da SUDENE,IBGE - Área de Atuação da SUDENE,2021 (LC 185/2021)
3156502,Rubelita,MG,1,Área de atuação da SUDENE,IBGE - Área de Atuação da SUDENE,2021 (LC 185/2021)
3156601,Rubim,MG,1,Área de atuação da SUDENE,IBGE - Área de Atuação da SUDENE,2021 (LC 185/2021)
3156809,Sabinópolis,MG,1,Área de atuação da SUDENE,IBGE - Área de Atuação da SUDENE,2021 (LC 185/2021)
3157005,Salinas,MG,1,Área de atuação da SUDENE,IBGE - Área de Atuação da SUDENE,2021 (LC 185/2021)
3157104,Salto da Divisa,MG,1,Área de atuação da SUDENE,IBGE - Área de Atuação da SUDENE,2021 (LC 185/2021)
3157252,Santa Bárbara do Leste,MG,1,Área de atuação da SUDENE,IBGE - Área de Atuação da SUDENE,2021 (LC 185/2021)
3157377,Santa Cruz de Salinas,MG,1,Área de atuação da SUDENE,IBGE - Área de Atuação da SUDENE,2021 (LC 185/2021)
3157500,Santa Efigênia de Minas,MG,1,Área de atuação da SUDENE,IBGE - Área de Atuação da SUDENE,2021 (LC 185/2021)
3157609,Santa Fé de Minas,MG,1,Área de atuação da SUDENE,IBGE - Área de Atuação da SUDENE,2021 (LC 185/2021)
3157658,Santa Helena de Minas,MG,1,Área de atuação da SUDENE,IBGE - Área de Atuação da SUDENE,2021 (LC 185/2021)
3158102,Santa Maria do Salto,MG,1,Área de atuação da SUDENE,IBGE - Área de Atuação da SUDENE,2021 (LC 185/2021)
3158201,Santa Maria do Suaçuí,MG,1,Área de atuação da SUDENE,IBGE - Área de Atuação da SUDENE,2021 (LC 185/2021)
3159357,Santa Rita de Minas,MG,1,Área de atuação da SUDENE,IBGE - Área de Atuação da SUDENE,2021 (LC 185/2021)
3159506,Santa Rita do Itueto,MG,1,Área de atuação da SUDENE,IBGE - Área de Atuação da SUDENE,2021 (LC 185/2021)
3160207,Santo Antônio do Itambé,MG,1,Área de atuação da SUDENE,IBGE - Área de Atuação da SUDENE,2021 (LC 185/2021)
3160306,Santo Antônio do Jacinto,MG,1,Área de atuação da SUDENE,IBGE - Área de Atuação da SUDENE,2021 (LC 185/2021)
3160454,Santo Antônio do Retiro,MG,1,Área de atuação da SUDENE,IBGE - Área de Atuação da SUDENE,2021 (LC 185/2021)
3160959,São Domingos das Dores,MG,1,Área de atuação da SUDENE,IBGE - Área de Atuação da SUDENE,2021 (LC 185/2021)
3161056,São Félix de Minas,MG,1,Área de atuação da SUDENE,IBGE - Área de Atuação da SUDENE,2021 (LC 185/2021)
3161106,São Francisco,MG,1,Área de atuação da SUDENE,IBGE - Área de Atuação da SUDENE,2021 (LC 185/2021)
3161601,São Geraldo da Piedade,MG,1,Área de atuação da SUDENE,IBGE - Área de Atuação da SUDENE,2021 (LC 185/2021)
3161650,São Geraldo do Baixio,MG,1,Área de atuação da SUDENE,IBGE - Área de Atuação da SUDENE,2021 (LC 185/2021)
3162252,São João da Lagoa,MG,1,Área de atuação da SUDENE,IBGE - Área de Atuação da SUDENE,2021 (LC 185/2021)
3162401,São João da Ponte,MG,1,Área de atuação da SUDENE,IBGE - Área de Atuação da SUDENE,2021 (LC 185/2021)
3162450,São João das Missões,MG,1,Área de atuação da SUDENE,IBGE - Área de Atuação da SUDENE,2021 (LC 185/2021)
3162575,São João do Manteninha,MG,1,Área de atuação da SUDENE,IBGE - Área de Atuação da SUDENE,2021 (LC 185/2021)
3162658,São João do Pacuí,MG,1,Área de atuação da SUDENE,IBGE - Área de Atuação da SUDENE,2021 (LC 185/2021)
3162708,São João do Paraíso,MG,1,Área de atuação da SUDENE,IBGE - Área de Atuação da SUDENE,2021 (LC 185/2021)
3162807,São João Evangelista,MG,1,Área de atuação da SUDENE,IBGE - Área de Atuação da SUDENE,2021 (LC 185/2021)
3163003,São José da Safira,MG,1,Área de atuação da SUDENE,IBGE - Área de Atuação da SUDENE,2021 (LC 185/2021)
3163300,São José do Divino,MG,1,Área de atuação da SUDENE,IBGE - Área de Atuação da SUDENE,2021 (LC 185/2021)
3163508,São José do Jacuri,MG,1,Área de atuação da SUDENE,IBGE - Área de Atuação da SUDENE,2021 (LC 185/2021)
3164100,São Pedro do Suaçuí,MG,1,Área de atuação da SUDENE,IBGE - Área de Atuação da SUDENE,2021 (LC 185/2021)
3164209,São Romão,MG,1,Área de atuação da SUDENE,IBGE - Área de Atuação da SUDENE,2021 (LC 185/2021)
3164472,São Sebastião do Anta,MG,1,Área de atuação da SUDENE,IBGE - Área de Atuação da SUDENE,2021 (LC 185/2021)
3164506,São Sebastião do Maranhão,MG,1,Área de atuação da SUDENE,IBGE - Área de Atuação da SUDENE,2021 (LC 185/2021)
3165503,Sardoá,MG,1,Área de atuação da SUDENE,IBGE - Área de Atuação da SUDENE,2021 (LC 185/2021)
3165552,Setubinha,MG,1,Área de atuação da SUDENE,IBGE - Área de Atuação da SUDENE,2021 (LC 185/2021)
3165909,Senador Modestino Gonçalves,MG,1,Área de atuação da SUDENE,IBGE - Área de Atuação da SUDENE,2021 (LC 185/2021)
3166105,Senhora do Porto,MG,1,Área de atuação da SUDENE,IBGE - Área de Atuação da SUDENE,2021 (LC 185/2021)
3166501,Serra Azul de Minas,MG,1,Área de atuação da SUDENE,IBGE - Área de Atuação da SUDENE,2021 (LC 185/2021)
3166709,Serra dos Aimorés,MG,1,Área de atuação da SUDENE,IBGE - Área de Atuação da SUDENE,2021 (LC 185/2021)
3166956,Serranópolis de Minas,MG,1,Área de atuação da SUDENE,IBGE - Área de Atuação da SUDENE,2021 (LC 185/2021)
3167103,Serro,MG,1,Área de atuação da SUDENE,IBGE - Área de Atuação da SUDENE,2021 (LC 185/2021)
3167707,Sobrália,MG,1,Área de atuação da SUDENE,IBGE - Área de Atuação da SUDENE,2021 (LC 185/2021)
3168002,Taiobeiras,MG,1,Área de atuação da SUDENE,IBGE - Área de Atuação da SUDENE,2021 (LC 185/2021)
3168051,Taparuba,MG,1,Área de atuação da SUDENE,IBGE - Área de Atuação da SUDENE,2021 (LC 185/2021)
3168408,Tarumirim,MG,1,Área de atuação da SUDENE,IBGE - Área de Atuação da SUDENE,2021 (LC 185/2021)
3168606,Teófilo Otoni,MG,1,Área de atuação da SUDENE,IBGE - Área de Atuação da SUDENE,2021 (LC 185/2021)
3169505,Tumiritinga,MG,1,Área de atuação da SUDENE,IBGE - Área de Atuação da SUDENE,2021 (LC 185/2021)
3169703,Turmalina,MG,1,Área de atuação da SUDENE,IBGE - Área de Atuação da SUDENE,2021 (LC 185/2021)
3170008,Ubaí,MG,1,Área de atuação da SUDENE,IBGE - Área de Atuação da SUDENE,2021 (LC 185/2021)
3170057,Ubaporanga,MG,1,Área de atuação da SUDENE,IBGE - Área de Atuação da SUDENE,2021 (LC 185/2021)
3170305,Umburatiba,MG,1,Área de atuação da SUDENE,IBGE - Área de Atuação da SUDENE,2021 (LC 185/2021)
3170479,Uruana de Minas,MG,1,Área de atuação da SUDENE,IBGE - Área de Atuação da SUDENE,2021 (LC 185/2021)
3170529,Urucuia,MG,1,Área de atuação da SUDENE,IBGE - Área de Atuação da SUDENE,2021 (LC 185/2021)
3170651,Vargem Grande do Rio Pardo,MG,1,Área de atuação da SUDENE,IBGE - Área de Atuação da SUDENE,2021 (LC 185/2021)
3170800,Várzea da Palma,MG,1,Área de atuação da SUDENE,IBGE - Área de Atuação da SUDENE,2021 (LC 185/2021)
3170909,Varzelândia,MG,1,Área de atuação da SUDENE,IBGE - Área de Atuação da SUDENE,2021 (LC 185/2021)
3171030,Verdelândia,MG,1,Área de atuação da SUDENE,IBGE - Área de Atuação da SUDENE,2021 (LC 185/2021)
3171071,Veredinha,MG,1,Área de atuação da SUDENE,IBGE - Área de Atuação da SUDENE,2021 (LC 185/2021)
3171501,Mathias Lobato,MG,1,Área de atuação da SUDENE,IBGE - Área de Atuação da SUDENE,2021 (LC 185/2021)
3171600,Virgem da Lapa,MG,1,Área de atuação da SUDENE,IBGE - Área de Atuação da SUDENE,2021 (LC 185/2021)
3171808,Virginópolis,MG,1,Área de atuação da SUDENE,IBGE - Área de Atuação da SUDENE,2021 (LC 185/2021)
3171907,Virgolândia,MG,1,Área de atuação da SUDENE,IBGE - Área de Atuação da SUDENE,2021 (LC 185/2021)
